,Title,Tokenized Title,Date,Authors
0,"healthy pullback? bitcoin price dips back below $5,300","{u'healthy': 1, u'price': 1, u'bitcoin': 1, u'back': 1, u'pullback': 1, u'dip': 0}",Oct-18-2017,omkar godbole
1,pump or progress? bitcoin cash nears $400 on korea trading surge,"{u'korea': 1, u'trading': 1, u'bitcoin': 1, u'cash': 1, u'pump': 1, u'nears': 1, u'progress': 1, u'surge': 1}",Oct-17-2017,omkar godbole
2,bank of america report: bitcoin's true value 'impossible to assess',"{u'bitcoin': 1, u'value': 1, u'assess': 1, u'report': 1, u'impossible': 1, u'america': 1, u'true': 1, u'bank': 1}",Oct-16-2017,stan higgins
3,"bulls take breather? bitcoin slows as price struggles to breach $6,000","{u'slow': 0, u'price': 1, u'bitcoin': 1, u'breather': 1, u'take': 1, u'bull': 0, u'breach': 1, u'struggle': 0}",Oct-16-2017,omkar godbole
4,"logical or not, bitcoin's coming fork is boosting its price","{u'fork': 1, u'come': 0, u'price': 1, u'bitcoin': 1, u'logical': 1, u'boost': 0}",Oct-14-2017,bailey reutzel
5,"at it again: dimon breaks vow, says bitcoin buyers will 'pay the price'","{u'break': 0, u'pay': 1, u'price': 1, u'bitcoin': 1, u'dimon': 1, u'say': 0, u'vow': 1, u'buyer': 0}",Oct-13-2017,stan higgins
6,"bitcoin's price keeps rising, but is $6,000 in reach?","{u'price': 1, u'rise': 0, u'reach': 1, u'bitcoin': 1, u'keep': 0}",Oct-13-2017,omkar godbole
7,"$5,800: bitcoin price hits new record high","{u'hit': 0, u'price': 1, u'bitcoin': 1, u'high': 1, u'record': 1, u'new': 1}",Oct-13-2017,daniel palmer
8,wall street analyst bernstein: bitcoin is a 'censorship resistant asset class',"{u'wall': 1, u'bitcoin': 1, u'class': 1, u'resistant': 1, u'street': 1, u'asset': 1, u'censorship': 1, u'bernstein': 1, u'analyst': 1}",Oct-12-2017,stan higgins
9,rally restored? bitcoin is up 75 percent from 30-day lows,"{u'restore': 0, u'percent': 1, u'bitcoin': 1, u'low': 0, u'rally': 1, u'day': 1}",Oct-12-2017,omkar godbole
10,jamie dimon says he's done talking about bitcoin,"{u'dimon': 1, u'say': 0, u'jamie': 1, u'bitcoin': 1, u'talk': 0}",Oct-12-2017,stan higgins
11,"$5,200: bitcoin buoyant as price sets new all-time high","{u'set': 0, u'buoyant': 1, u'price': 1, u'bitcoin': 1, u'high': 1, u'all-time': 1, u'new': 1}",Oct-12-2017,omkar godbole
12,nearing bottom? litecoin prices consolidating after rough september,"{u'consolidate': 0, u'litecoin': 1, u'bottom': 1, u'september': 1, u'price': 0, u'near': 0, u'rough': 1}",Oct-11-2017,omkar godbole
13,bitcoin stumbles near new high but $5k still in play,"{u'play': 1, u'k': 1, u'bitcoin': 1, u'high': 1, u'near': 1, u'new': 1, u'still': 1, u'stumble': 0}",Oct-11-2017,omkar godbole
14,ethereum first: investment product opens for trading on nasdaq exchange,"{u'product': 1, u'exchange': 1, u'nasdaq': 1, u'ethereum': 1, u'trading': 1, u'open': 0, u'investment': 1, u'first': 1}",Oct-11-2017,ash bennington
15,financial forecaster gary shilling won't invest in a 'black box' like bitcoin,"{u'box': 1, u'financial': 1, u'like': 1, u'forecaster': 1, u'invest': 1, u'bitcoin': 1, u'shill': 0, u'black': 1, u'gary': 1}",Oct-11-2017,nikhilesh de
16,"$5,000 in reach? bitcoin falls back after hitting 5-week high","{u'week': 1, u'hit': 0, u'reach': 1, u'back': 1, u'bitcoin': 1, u'high': 1, u'fall': 0}",Oct-10-2017,omkar godbole
17,no fraud: ex-jpmorgan trader masters thinks bitcoin breakout just beginning,"{u'begin': 0, u'fraud': 1, u'ex-jpmorgan': 1, u'trader': 1, u'bitcoin': 1, u'breakout': 1, u'master': 0, u'think': 0}",Oct-10-2017,ash bennington
18,ex-imf economist kenneth rogoff joins 'bitcoin will collapse' chorus,"{u'join': 0, u'collapse': 1, u'kenneth': 1, u'bitcoin': 1, u'chorus': 1, u'rogoff': 1, u'ex-imf': 1, u'economist': 1}",Oct-10-2017,marc hochstein
19,rumor or not: goldman trading would change bitcoin,"{u'would': 1, u'goldman': 1, u'bitcoin': 1, u'trading': 1, u'rumor': 1, u'change': 1}",Oct-09-2017,noelle acheson
20,bitcoin derivatives etfs withdraw filings at sec request,"{u'request': 1, u'bitcoin': 1, u'etfs': 1, u'sec': 1, u'withdraw': 1, u'derivative': 0, u'filing': 0}",Oct-06-2017,stan higgins
21,"two hurdles? bitcoin faces resistance ahead of $4,500","{u'bitcoin': 1, u'ahead': 1, u'resistance': 1, u'two': 1, u'face': 0, u'hurdle': 0}",Oct-06-2017,pete rizzo
22,"above $4,300: bitcoin is up, but is it out of the woods?","{u'wood': 0, u'bitcoin': 1}",Oct-05-2017,omkar godbole
23,former bundesbank chief: bitcoin doesn't meet full definition of a currency,"{u'definition': 1, u'full': 1, u'bitcoin': 1, u'currency': 1, u'chief': 1, u'meet': 1, u'bundesbank': 1, u'former': 1}",Oct-04-2017,stan higgins
24,goldman sachs ceo: 'no conclusion' on bitcoin yet,"{u'ceo': 1, u'goldman': 1, u'bitcoin': 1, u'sachs': 1, u'yet': 1, u'conclusion': 1}",Oct-03-2017,stan higgins
25,golden crossover: bitcoin charts suggest price readying for bump,"{u'golden': 1, u'bump': 1, u'suggest': 1, u'price': 1, u'chart': 0, u'bitcoin': 1, u'readying': 1, u'crossover': 1}",Oct-03-2017,omkar godbole
26,"slow ascent? bitcoin prices climb toward $4,500 on weak volumes","{u'slow': 1, u'price': 0, u'weak': 1, u'bitcoin': 1, u'volume': 0, u'climb': 1, u'toward': 1, u'ascent': 1}",Oct-02-2017,omkar godbole
27,macquarie analyst rejects jamie dimon's bitcoin 'fraud' critique,"{u'fraud': 1, u'jamie': 1, u'bitcoin': 1, u'dimon': 1, u'reject': 0, u'critique': 1, u'macquarie': 1, u'analyst': 1}",Sep-28-2017,stan higgins
28,bull trap? bitcoin prices struggle to build momentum above moving average,"{u'price': 0, u'move': 0, u'bitcoin': 1, u'trap': 1, u'build': 1, u'bull': 1, u'average': 1, u'momentum': 1, u'struggle': 1}",Sep-28-2017,omkar godbole
29,two more bitcoin futures etfs are up for sec approval,"{u'etf': 0, u'two': 1, u'bitcoin': 1, u'future': 0, u'sec': 1, u'approval': 1}",Sep-28-2017,stan higgins
30,crypto hedge fund costs? invest $100k and here's how much you'd pay,"{u'invest': 1, u'k': 1, u'crypto': 1, u'much': 1, u'fund': 1, u'cost': 0, u'pay': 1, u'hedge': 1}",Sep-28-2017,ash bennington
31,'wolf of wall street' jordan belfort: jamie dimon is right about bitcoin,"{u'right': 1, u'wall': 1, u'jamie': 1, u'bitcoin': 1, u'dimon': 1, u'street': 1, u'jordan': 1, u'belfort': 1, u'wolf': 1}",Sep-27-2017,stan higgins
32,forecaster gerald celente: banks are afraid of bitcoin,"{u'afraid': 1, u'forecaster': 1, u'gerald': 1, u'bitcoin': 1, u'bank': 0, u'celente': 1}",Sep-27-2017,stan higgins
33,"back above $4,000: bitcoin eyes next major price hurdle","{u'major': 1, u'eye': 0, u'bitcoin': 1, u'price': 1, u'back': 1, u'next': 1, u'hurdle': 1}",Sep-27-2017,omkar godbole
34,through the roadblock? bitcoin's price might be priming for a boost,"{u'prim': 0, u'might': 1, u'price': 1, u'bitcoin': 1, u'roadblock': 1, u'boost': 1}",Sep-26-2017,omkar godbole
35,wait and watch? bitcoin prices hover near make or break level,"{u'hover': 1, u'level': 1, u'price': 0, u'watch': 1, u'bitcoin': 1, u'break': 1, u'near': 1, u'make': 1, u'wait': 1}",Sep-25-2017,omkar godbole
36,"investor doug casey: bitcoin may be money, but it still might fail","{u'may': 1, u'money': 1, u'bitcoin': 1, u'casey': 1, u'doug': 1, u'fail': 1, u'still': 1, u'investor': 1, u'might': 1}",Sep-22-2017,stan higgins
37,gold investor john hathaway: cryptocurrencies are 'garbage',"{u'hathaway': 1, u'gold': 1, u'garbage': 1, u'cryptocurrencies': 1, u'john': 1, u'investor': 1}",Sep-21-2017,stan higgins
38,weak demand? bitcoin's price rebound may be starting to fade,"{u'may': 1, u'rebound': 1, u'weak': 1, u'bitcoin': 1, u'start': 0, u'fade': 1, u'demand': 1, u'price': 1}",Sep-21-2017,omkar godbole
39,searching for problems? james altucher to bitcoin critics: you're dead wrong,"{u'search': 0, u'james': 1, u'critic': 0, u'dead': 1, u'bitcoin': 1, u'wrong': 1, u'problem': 0, u'altucher': 1}",Sep-21-2017,ash bennington
40,"banks are 'afraid' of bitcoin, says wealth advisor","{u'afraid': 1, u'wealth': 1, u'bitcoin': 1, u'say': 0, u'advisor': 1, u'bank': 0}",Sep-20-2017,stan higgins
41,bitcoin's parimutuel problem (or why shorting doesn't pay today),"{u'short': 0, u'pay': 1, u'bitcoin': 1, u'parimutuel': 1, u'problem': 1, u'today': 1}",Sep-20-2017,ash bennington
42,world's largest hedge fund founder: bitcoin is a 'bubble',"{u'founder': 1, u'bitcoin': 1, u'large': 0, u'fund': 1, u'world': 1, u'hedge': 1, u'bubble': 1}",Sep-19-2017,nikhilesh de
43,bull signal? bitcoin's price breaks above 50-day moving average,"{u'signal': 1, u'move': 0, u'bitcoin': 1, u'day': 1, u'break': 0, u'bull': 1, u'price': 1, u'average': 1}",Sep-19-2017,omkar godbole
44,survey: younger americans more likely to invest in bitcoin,"{u'invest': 1, u'bitcoin': 1, u'young': 0, u'likely': 1, u'survey': 1, u'americans': 1}",Sep-18-2017,stan higgins
45,"$4,000: bitcoin's price shrugs off china exchange news","{u'shrug': 0, u'exchange': 1, u'price': 1, u'bitcoin': 1, u'china': 1, u'news': 1}",Sep-18-2017,daniel palmer
46,"bitcoin's price is back above $4,000, but is all-time high in sight?","{u'price': 1, u'bitcoin': 1, u'back': 1, u'high': 1, u'all-time': 1, u'sight': 1}",Sep-18-2017,omkar godbole
47,"china, shmyna: bitcoin trading is way more distributed now anyway","{u'distributed': 1, u'bitcoin': 1, u'anyway': 1, u'shmyna': 1, u'trading': 1, u'way': 1, u'china': 1}",Sep-15-2017,marc hochstein
48,"back at $3,500: has bitcoin's price found a short-term bottom?","{u'bottom': 1, u'price': 1, u'back': 1, u'bitcoin': 1, u'find': 0, u'short-term': 1}",Sep-15-2017,omkar godbole
49,market turmoil pushes cryptocurrency market cap below $100 billion,"{u'billion': 1, u'turmoil': 1, u'cap': 1, u'cryptocurrency': 1, u'push': 0, u'market': 2}",Sep-15-2017,daniel palmer
50,"blame china? bitcoin price seeks bottom below $3,000","{u'bottom': 1, u'price': 1, u'bitcoin': 1, u'blame': 1, u'china': 1, u'seek': 0}",Sep-15-2017,omkar godbole
51,from bear to bull: bitcoin just won't die (so josh brown buys),"{u'brown': 1, u'buy': 0, u'die': 1, u'josh': 1, u'bitcoin': 1, u'bear': 1, u'bull': 1}",Sep-15-2017,ash bennington
52,$90 million budget: japan's gmo reveals more cryptocurrency mining details,"{u'reveals': 1, u'mining': 1, u'gmo': 1, u'million': 1, u'budget': 1, u'detail': 0, u'cryptocurrency': 1, u'japan': 1}",Sep-14-2017,nikhilesh de
53,bitcoin's price is down more than $500 today,"{u'price': 1, u'bitcoin': 1, u'today': 1}",Sep-14-2017,stan higgins
54,kiss front-man gene simmons is 'interested in bitcoin',"{u'bitcoin': 1, u'simmons': 1, u'kiss': 1, u'gene': 1, u'interested': 1, u'front-man': 1}",Sep-14-2017,stan higgins
55,"bitcoin price drops below $3,500, but is a relief rally in sight?","{u'price': 1, u'drop': 0, u'bitcoin': 1, u'relief': 1, u'sight': 1, u'rally': 1}",Sep-14-2017,omkar godbole
56,crypto is here to stay (whatever jamie dimon might say),"{u'jamie': 1, u'crypto': 1, u'whatever': 1, u'stay': 1, u'dimon': 1, u'say': 1, u'might': 1}",Sep-14-2017,bradley tusk
57,"correction not a crash: bitcoin price eyes $3,000 as traders take profits","{u'eye': 0, u'profit': 0, u'trader': 0, u'bitcoin': 1, u'price': 1, u'take': 1, u'crash': 1, u'correction': 1}",Sep-13-2017,omkar godbole
58,herd on the street? bank of america survey calls bitcoin 'most crowded trade',"{u'crowded': 1, u'bitcoin': 1, u'herd': 1, u'trade': 1, u'street': 1, u'call': 0, u'survey': 1, u'america': 1, u'bank': 1}",Sep-13-2017,stan higgins
59,"bitcoin drops below $4,000 as market turns uncertain","{u'turn': 0, u'drop': 0, u'uncertain': 1, u'bitcoin': 1, u'market': 1}",Sep-13-2017,pete rizzo
60,jamie dimon: bitcoin is a 'fraud',"{u'dimon': 1, u'jamie': 1, u'fraud': 1, u'bitcoin': 1}",Sep-12-2017,stan higgins
61,ether nurses china hangover as price struggles above $300,"{u'price': 1, u'hangover': 1, u'china': 1, u'struggle': 0, u'nurse': 0, u'ether': 1}",Sep-12-2017,omkar godbole
62,bitcoin's biggest bull? arthur hayes isn't long crypto â€“ he's short government,"{u'short': 1, u'government': 1, u'big': 0, u'bitcoin': 1, u'long': 1, u'hayes': 1, u'arthur': 1, u'bull': 1, u'crypto': 1}",Sep-12-2017,ash bennington
63,"bitcoin finds bottom at $4,000 as price awaits post-china breakout","{u'bottom': 1, u'price': 1, u'bitcoin': 1, u'breakout': 1, u'post-china': 1, u'find': 0, u'awaits': 1}",Sep-11-2017,omkar godbole
64,"bitcoin price sinks below $4,200 on china uncertainty","{u'price': 1, u'uncertainty': 1, u'china': 1, u'bitcoin': 1, u'sink': 0}",Sep-08-2017,stan higgins
65,howard marks 'willing to be proved wrong' on bitcoin,"{u'prove': 0, u'howard': 1, u'bitcoin': 1, u'mark': 0, u'wrong': 1, u'willing': 1}",Sep-08-2017,stan higgins
66,wallet provider blockchain partners with indian bitcoin exchange,"{u'exchange': 1, u'blockchain': 1, u'bitcoin': 1, u'wallet': 1, u'indian': 1, u'provider': 1, u'partner': 0}",Sep-07-2017,rachel rose o'leary
67,bitcoin breakout? price action analysis hints at possible pullback,"{u'hint': 0, u'price': 1, u'bitcoin': 1, u'analysis': 1, u'possible': 1, u'pullback': 1, u'breakout': 1, u'action': 1}",Sep-07-2017,omkar godbole
68,historic quarter: coindesk launches q2 state of blockchain report,"{u'launch': 0, u'coindesk': 1, u'blockchain': 1, u'q': 1, u'state': 1, u'historic': 1, u'report': 1, u'quarter': 1}",Sep-06-2017,nolan bauerle
69,"bitcoin's price is now down 20% from its $5,000 all-time high","{u'high': 1, u'all-time': 1, u'price': 1, u'bitcoin': 1}",Sep-05-2017,pete rizzo
70,"analysis: bitcoin price corrects on china news, but uptrend still intact","{u'intact': 1, u'price': 1, u'bitcoin': 1, u'analysis': 1, u'uptrend': 1, u'china': 1, u'corrects': 1, u'news': 1, u'still': 1}",Sep-04-2017,omkar godbole
71,"bitcoin price falls below $4,500 as crypto markets lose billions","{u'billion': 0, u'price': 1, u'fall': 0, u'bitcoin': 1, u'crypto': 1, u'lose': 1, u'market': 0}",Sep-04-2017,daniel palmer
72,"as crypto market sheds billions, one analyst sees buying opportunity","{u'billion': 0, u'shed': 0, u'buy': 0, u'crypto': 1, u'one': 1, u'see': 0, u'opportunity': 1, u'analyst': 1, u'market': 1}",Sep-03-2017,ash bennington
73,"bitcoin drops below $5,000 as crypto markets see $13 billion sell-off","{u'billion': 1, u'sell-off': 1, u'drop': 0, u'bitcoin': 1, u'crypto': 1, u'see': 1, u'market': 0}",Sep-02-2017,pete rizzo
74,"$5,000: bitcoin price hits historic new milestone","{u'hit': 0, u'price': 1, u'bitcoin': 1, u'historic': 1, u'milestone': 1, u'new': 1}",Sep-02-2017,stan higgins
75,"$4,880: bitcoin price climbs to another all-time high","{u'price': 1, u'bitcoin': 1, u'high': 1, u'all-time': 1, u'another': 1, u'climb': 0}",Sep-01-2017,daniel palmer
76,litecoin prices surge above $70 as crypto market tops $175 billion,"{u'billion': 1, u'litecoin': 1, u'top': 0, u'crypto': 1, u'surge': 1, u'price': 0, u'market': 1}",Sep-01-2017,daniel palmer
77,"bitcoin price jumps above $4,800 for the first time","{u'jump': 0, u'price': 1, u'time': 1, u'bitcoin': 1, u'first': 1}",Aug-31-2017,stan higgins
78,'game of skill': us markets tech provider launches bitcoin betting game,"{u'launch': 0, u'bitcoin': 1, u'game': 2, u'tech': 1, u'bet': 0, u'provider': 1, u'u': 0, u'skill': 1, u'market': 0}",Aug-31-2017,ash bennington
79,bitcoin price sets new all-time high as crypto market tops $170 billion,"{u'billion': 1, u'set': 0, u'price': 1, u'bitcoin': 1, u'crypto': 1, u'high': 1, u'all-time': 1, u'new': 1, u'top': 0, u'market': 1}",Aug-31-2017,stan higgins
80,"the bitcoin price just set a new all-time high above $4,700","{u'set': 1, u'price': 1, u'bitcoin': 1, u'high': 1, u'all-time': 1, u'new': 1}",Aug-29-2017,pete rizzo
81,bitcoin prices rise but fall short of all-time high,"{u'short': 1, u'price': 0, u'rise': 1, u'bitcoin': 1, u'high': 1, u'all-time': 1, u'fall': 1}",Aug-25-2017,stan higgins
82,are failing currencies boosting crypto interest? investing.com suggests yes,"{u'investing.com': 1, u'crypto': 1, u'currency': 0, u'interest': 1, u'suggest': 0, u'fail': 0, u'yes': 1, u'boost': 0}",Aug-25-2017,ash bennington
83,"bitcoin prices bounce back above $4,400","{u'price': 0, u'bitcoin': 1, u'bounce': 1, u'back': 1}",Aug-25-2017,daniel palmer
84,russian deputy pm says he supports a state-backed cryptocurrency,"{u'deputy': 1, u'support': 0, u'cryptocurrency': 1, u'say': 0, u'russian': 1, u'state-backed': 1, u'pm': 1}",Aug-24-2017,rachel rose o'leary
85,etf firm rex seeks sec approval for bitcoin derivatives fund,"{u'firm': 1, u'rex': 1, u'derivative': 0, u'bitcoin': 1, u'fund': 1, u'sec': 1, u'approval': 1, u'etf': 1, u'seek': 0}",Aug-24-2017,stan higgins
86,no segwit bump? bitcoin price shrugs off upgrade with sideways trading,"{u'shrug': 0, u'upgrade': 1, u'bump': 1, u'sideways': 1, u'price': 1, u'bitcoin': 1, u'trade': 0, u'segwit': 1}",Aug-24-2017,pete rizzo
87,standpoint founder: bitcoin asset class will grow into $2 trillion market,"{u'founder': 1, u'trillion': 1, u'bitcoin': 1, u'grow': 1, u'asset': 1, u'standpoint': 1, u'class': 1, u'market': 1}",Aug-24-2017,ash bennington
88,bitcoin prices are up over $100 already today,"{u'price': 0, u'already': 1, u'bitcoin': 1, u'today': 1}",Aug-23-2017,pete rizzo
89,$150 billion: total cryptocurrency market cap hits new all-time high,"{u'billion': 1, u'high': 1, u'hit': 0, u'cap': 1, u'cryptocurrency': 1, u'all-time': 1, u'new': 1, u'total': 1, u'market': 1}",Aug-23-2017,daniel palmer
90,"bitcoin prices dip below $4,000 to hit 7-day low","{u'hit': 1, u'price': 0, u'bitcoin': 1, u'low': 1, u'dip': 1, u'day': 1}",Aug-22-2017,pete rizzo
91,bitcoin trades sideways as bitcoin cash price drops to $800,"{u'sideways': 1, u'price': 1, u'drop': 0, u'bitcoin': 2, u'trade': 0, u'cash': 1}",Aug-20-2017,daniel palmer
92,"bitcoin prices retreat toward $4,100 while bitcoin cash soars","{u'price': 0, u'bitcoin': 2, u'cash': 1, u'toward': 1, u'retreat': 1, u'soar': 0}",Aug-19-2017,daniel palmer
93,$700 and rising: what's driving the price of bitcoin cash?,"{u'drive': 0, u'price': 1, u'rise': 0, u'cash': 1, u'bitcoin': 1}",Aug-18-2017,ash bennington
94,"bitcoin bear peter schiff doubles down: even at $4,000 it's still a 'bubble'","{u'even': 1, u'still': 1, u'schiff': 1, u'double': 0, u'bitcoin': 1, u'bear': 1, u'peter': 1, u'bubble': 1}",Aug-17-2017,ash bennington
95,"bitcoin prices reach new all-time high of over $4,500","{u'price': 0, u'reach': 1, u'bitcoin': 1, u'high': 1, u'all-time': 1, u'new': 1}",Aug-17-2017,daniel palmer
96,swiss bank to sell ether and bitcoin cash to customers,"{u'sell': 1, u'customer': 0, u'cash': 1, u'bitcoin': 1, u'swiss': 1, u'ether': 1, u'bank': 1}",Aug-16-2017,stan higgins
97,"bitcoin down $100 as price seeks support above $4,000","{u'price': 1, u'seek': 0, u'support': 1, u'bitcoin': 1}",Aug-16-2017,pete rizzo
98,s&p 500 or cryptocurrency: just how big is bitcoin's price explosion?,"{u'explosion': 1, u'big': 1, u'price': 1, u'bitcoin': 1, u'cryptocurrency': 1, u'p': 1}",Aug-15-2017,ash bennington
99,bitcoin's price is down more than $500 after hitting a new high,"{u'high': 1, u'new': 1, u'price': 1, u'hit': 0, u'bitcoin': 1}",Aug-15-2017,stan higgins
100,"bitcoin sets new record high of $4,483 in overnight trading","{u'set': 0, u'overnight': 1, u'bitcoin': 1, u'high': 1, u'record': 1, u'trading': 1, u'new': 1}",Aug-15-2017,daniel palmer
101,"bitcoin price tops $4,400 as crypto market nears $150 billion","{u'billion': 1, u'top': 0, u'bitcoin': 1, u'crypto': 1, u'near': 0, u'price': 1, u'market': 1}",Aug-15-2017,pete rizzo
102,square ceo: blockchain can help solve 'so many problems',"{u'square': 1, u'help': 1, u'ceo': 1, u'many': 1, u'blockchain': 1, u'solve': 1, u'problem': 0}",Aug-14-2017,wolfie zhao
103,"$4,800: goldman sachs analyst thinks the bitcoin price is heading higher","{u'head': 0, u'analyst': 1, u'goldman': 1, u'price': 1, u'bitcoin': 1, u'sachs': 1, u'high': 0, u'think': 0}",Aug-14-2017,stan higgins
104,what the fork? why bitcoin tech changes impact price,"{u'fork': 1, u'impact': 1, u'price': 1, u'bitcoin': 1, u'tech': 1, u'change': 0}",Aug-14-2017,ash bennington
105,"bitcoin prices reach (yet another) all-time high, passing $4,300","{u'price': 0, u'reach': 1, u'bitcoin': 1, u'high': 1, u'all-time': 1, u'another': 1, u'passing': 1, u'yet': 1}",Aug-14-2017,daniel palmer
106,"bitcoin prices pass $4,000 for the first time","{u'time': 1, u'price': 0, u'pas': 0, u'bitcoin': 1, u'first': 1}",Aug-13-2017,daniel palmer
107,the bitcoin price just inched up to set another all-time high,"{u'set': 1, u'price': 1, u'bitcoin': 1, u'high': 1, u'all-time': 1, u'another': 1, u'inch': 0}",Aug-11-2017,pete rizzo
108,$126 billion: the cryptocurrency market just set a new all-time high,"{u'billion': 1, u'high': 1, u'set': 1, u'cryptocurrency': 1, u'all-time': 1, u'new': 1, u'market': 1}",Aug-11-2017,pete rizzo
109,goldman sachs: 'real dollars at work' in cryptocurrency markets,"{u'real': 1, u'goldman': 1, u'work': 1, u'dollar': 0, u'sachs': 1, u'cryptocurrency': 1, u'market': 0}",Aug-09-2017,stan higgins
110,bring on the forks: bitcoin traders see improving price outlook for 2017,"{u'fork': 0, u'outlook': 1, u'trader': 0, u'bitcoin': 1, u'bring': 1, u'see': 1, u'improving': 1, u'price': 1}",Aug-09-2017,ash bennington
111,fidelity brings bitcoin tracking to traditional investor portfolios,"{u'track': 0, u'bitcoin': 1, u'traditional': 1, u'bring': 0, u'portfolio': 0, u'fidelity': 1, u'investor': 1}",Aug-09-2017,ash bennington
112,ostk to hodl: overstock to keep 50% of all bitcoin payments as investments,"{u'ostk': 1, u'payment': 0, u'hodl': 1, u'bitcoin': 1, u'keep': 1, u'investment': 0, u'overstock': 1}",Aug-07-2017,wolfie zhao
113,bitcoin is now worth nearly 3 times more than an ounce of gold,"{u'gold': 1, u'bitcoin': 1, u'times': 1, u'ounce': 1, u'nearly': 1, u'worth': 1}",Aug-07-2017,pete rizzo
114,cryptocurrency market tops $116 billion to set new all-time high,"{u'billion': 1, u'high': 1, u'set': 1, u'top': 0, u'cryptocurrency': 1, u'all-time': 1, u'new': 1, u'market': 1}",Aug-07-2017,pete rizzo
115,"the bitcoin cash price: questions, answers and more questions","{u'answer': 0, u'price': 1, u'question': 0, u'bitcoin': 1, u'cash': 1}",Aug-05-2017,ash bennington
116,"bitcoin price surges past $3,200 to hit all-time high","{u'high': 1, u'hit': 1, u'price': 1, u'bitcoin': 1, u'surge': 0, u'past': 1, u'all-time': 1}",Aug-05-2017,stan higgins
117,state street to bitcoin bull: blockchain boss leaves to launch crypto startup,"{u'launch': 1, u'startup': 1, u'bos': 0, u'blockchain': 1, u'bitcoin': 1, u'crypto': 1, u'leave': 0, u'state': 1, u'street': 1, u'bull': 1}",Aug-03-2017,michael del castillo
118,why a bitcoin fork is not a 'stock split',"{u'fork': 1, u'bitcoin': 1, u'split': 1, u'stock': 1}",Aug-02-2017,ash bennington
119,the problem with bitcoin price charts (explained in two charts),"{u'chart': 0, u'price': 1, u'bitcoin': 1, u'two': 1, u'problem': 1, u'explain': 0}",Aug-01-2017,ash bennington
120,public company to convert bitcoin to stock in first-of-its-kind fundraise,"{u'first-of-its-kind': 1, u'convert': 1, u'fundraise': 1, u'company': 1, u'bitcoin': 1, u'public': 1, u'stock': 1}",Jul-31-2017,michael del castillo
121,will bitcoin cash impact the bitcoin price? traders split on possible fork,"{u'impact': 1, u'fork': 1, u'trader': 0, u'bitcoin': 2, u'cash': 1, u'split': 1, u'price': 1, u'possible': 1}",Jul-31-2017,pete rizzo
122,bitcoin's 'market dominance' climbs above 50% for first time since may,"{u'may': 1, u'since': 1, u'bitcoin': 1, u'time': 1, u'climb': 0, u'dominance': 1, u'market': 1, u'first': 1}",Jul-28-2017,wolfie zhao
123,the dao report: understanding the risk of sec enforcement,"{u'enforcement': 1, u'risk': 1, u'dao': 1, u'sec': 1, u'report': 1, u'understand': 0}",Jul-27-2017,jason somensatto
124,"goldman sachs: bitcoin may reach new high over $3,600","{u'may': 1, u'goldman': 1, u'reach': 1, u'sachs': 1, u'bitcoin': 1, u'high': 1, u'new': 1}",Jul-26-2017,wolfie zhao
125,bank of america analyst: bank acceptance a 'crucial hurdle' for bitcoin,"{u'acceptance': 1, u'crucial': 1, u'bitcoin': 1, u'hurdle': 1, u'america': 1, u'analyst': 1, u'bank': 2}",Jul-25-2017,stan higgins
126,life in crypto time,"{u'life': 1, u'crypto': 1, u'time': 1}",Jul-22-2017,tim enneking
127,crypto asset class clears $90 billion as bitcoin price spikes,"{u'billion': 1, u'clear': 0, u'bitcoin': 1, u'crypto': 1, u'price': 1, u'asset': 1, u'spike': 0, u'class': 1}",Jul-21-2017,pete rizzo
128,bitcoin price surges to one-month high as tech outlook improves,"{u'outlook': 1, u'price': 1, u'one-month': 1, u'bitcoin': 1, u'surge': 0, u'high': 1, u'improves': 1, u'tech': 1}",Jul-20-2017,pete rizzo
129,"people trust cryptocurrencies over gold, says wall street 'dean of valuation'","{u'dean': 1, u'gold': 1, u'people': 1, u'wall': 1, u'cryptocurrencies': 1, u'say': 0, u'street': 1, u'trust': 1, u'valuation': 1}",Jul-20-2017,wolfie zhao
130,"cryptocurrency market crosses $80 billion as ether, bitcoin prices gain","{u'billion': 1, u'price': 0, u'bitcoin': 1, u'cross': 0, u'cryptocurrency': 1, u'gain': 1, u'ether': 1, u'market': 1}",Jul-18-2017,pete rizzo
131,crypto assets bounce back above $70 billion amid day of gains,"{u'billion': 1, u'amid': 1, u'back': 1, u'bounce': 1, u'crypto': 1, u'asset': 0, u'day': 1, u'gain': 0}",Jul-17-2017,pete rizzo
132,crypto market nears 50% fall from all-time high,"{u'crypto': 1, u'high': 1, u'all-time': 1, u'near': 0, u'fall': 1, u'market': 1}",Jul-16-2017,pete rizzo
133,"bitcoin price drops below $2,000 as crypto markets fall toward $70 billion","{u'billion': 1, u'price': 1, u'drop': 0, u'bitcoin': 1, u'crypto': 1, u'fall': 1, u'toward': 1, u'market': 0}",Jul-15-2017,pete rizzo
134,"'bitcoin sign guy' nets almost $15,000 after fed chair appearance goes viral","{u'viral': 1, u'fed': 1, u'almost': 1, u'appearance': 1, u'bitcoin': 1, u'sign': 1, u'guy': 1, u'go': 0, u'net': 0, u'chair': 1}",Jul-13-2017,wolfie zhao
135,former bain manager launches $50 million bitcoin and ethereum fund,"{u'launch': 0, u'million': 1, u'bitcoin': 1, u'fund': 1, u'manager': 1, u'ethereum': 1, u'former': 1, u'bain': 1}",Jul-06-2017,michael del castillo
136,"'flippening' flop? as ethereum's price pulls back, market remains bullish","{u'pull': 0, u'flippening': 1, u'bullish': 1, u'price': 1, u'flop': 1, u'back': 1, u'remain': 0, u'ethereum': 1, u'market': 1}",Jun-26-2017,charles bovaird
137,analyzing ether: a bitcoin investor's skeptical take,"{u'skeptical': 1, u'bitcoin': 1, u'take': 1, u'analyze': 0, u'investor': 1, u'ether': 1}",Jun-24-2017,p4man
138,litecoin's price tops $50 to set new all-time high,"{u'litecoin': 1, u'price': 1, u'high': 1, u'all-time': 1, u'set': 1, u'new': 1, u'top': 0}",Jun-19-2017,charles bovaird
139,coinbase to white hat hacker: we don't want your bitcoin,"{u'hacker': 1, u'bitcoin': 1, u'want': 1, u'coinbase': 1, u'white': 1, u'hat': 1}",Jun-17-2017,bailey reutzel
140,south korean government to auction $540k in bitcoin,"{u'government': 1, u'auction': 1, u'k': 1, u'bitcoin': 1, u'korean': 1, u'south': 1}",Jun-16-2017,wolfie zhao
141,"as crypto markets see slowing growth, traders look long","{u'slow': 0, u'look': 1, u'trader': 0, u'crypto': 1, u'long': 1, u'see': 1, u'growth': 1, u'market': 0}",Jun-16-2017,charles bovaird
142,sea of red: top 10 cryptocurrencies see steep declines as market turns,"{u'decline': 0, u'top': 1, u'cryptocurrencies': 1, u'turn': 0, u'see': 1, u'market': 1, u'sea': 1, u'steep': 1, u'red': 1}",Jun-15-2017,pete rizzo
143,bitcoin price hits 10-day low as crypto markets tumble,"{u'hit': 0, u'tumble': 1, u'price': 1, u'bitcoin': 1, u'crypto': 1, u'low': 1, u'day': 1, u'market': 0}",Jun-14-2017,wolfie zhao
144,the #flippening: will ether 'pass' bitcoin and what would it mean?,"{u'pas': 0, u'flippening': 1, u'would': 1, u'bitcoin': 1, u'ether': 1, u'mean': 1}",Jun-13-2017,charles bovaird
145,bitcoin drops $300 in one hour as price falls abruptly and rebounds,"{u'hour': 1, u'price': 1, u'drop': 0, u'bitcoin': 1, u'one': 1, u'fall': 0, u'rebound': 0, u'abruptly': 1}",Jun-12-2017,pete rizzo
146,"bitcoin price crosses $3,000 milestone to set new all-time high","{u'set': 1, u'price': 1, u'bitcoin': 1, u'cross': 0, u'high': 1, u'all-time': 1, u'milestone': 1, u'new': 1}",Jun-11-2017,pete rizzo
147,3 signs the cryptocurrency exchange market is maturing,"{u'cryptocurrency': 1, u'exchange': 1, u'mature': 0, u'market': 1, u'sign': 0}",Jun-11-2017,alex sunnarborg
148,"bitcoin price shoots past $2,900 to hit new all-time high","{u'shoot': 0, u'high': 1, u'hit': 1, u'price': 1, u'bitcoin': 1, u'past': 1, u'all-time': 1, u'new': 1}",Jun-06-2017,stan higgins
149,three thoughts on the 'crypto bubble',"{u'thought': 0, u'bubble': 1, u'three': 1, u'crypto': 1}",Jun-04-2017,josh hannah
150,uk asset manager integrates exchange-traded bitcoin product,"{u'product': 1, u'bitcoin': 1, u'manager': 1, u'asset': 1, u'uk': 1, u'integrate': 0, u'exchange-traded': 1}",Jun-01-2017,stan higgins
151,bitcoin returns to rangebound trading as price rollercoaster subsides,"{u'return': 0, u'price': 1, u'bitcoin': 1, u'rangebound': 1, u'trading': 1, u'rollercoaster': 1, u'subsides': 1}",May-30-2017,charles bovaird
152,"how, when and where will regulators accept bitcoin etfs?","{u'regulators': 1, u'etf': 0, u'bitcoin': 1, u'accept': 1}",May-30-2017,drew pierson
153,is the crypto asset class finally coming into its own?,"{u'finally': 1, u'come': 0, u'asset': 1, u'crypto': 1, u'class': 1}",May-26-2017,charles bovaird
154,"bitcoin price rebounds to near $2,640 following yesterday's losses","{u'loss': 0, u'price': 1, u'bitcoin': 1, u'yesterday': 1, u'near': 1, u'follow': 0, u'rebound': 0}",May-26-2017,daniel palmer
155,bitcoin's price tumbles more than $400 from new high,"{u'high': 1, u'new': 1, u'price': 1, u'bitcoin': 1, u'tumble': 0}",May-25-2017,stan higgins
156,consensus 2017: the ups and downs of digital currencies,"{u'consensus': 1, u'currency': 0, u'ups': 1, u'digital': 1}",May-24-2017,amy castor
157,"consensus 2017: smith, voorhees talk today's bitcoin market craze","{u'voorhees': 1, u'smith': 1, u'bitcoin': 1, u'consensus': 1, u'today': 1, u'craze': 1, u'talk': 1, u'market': 1}",May-23-2017,morgen peck
158,"history is made: bitcoin prices top $2,000 to set new all-time high","{u'make': 0, u'set': 1, u'price': 0, u'bitcoin': 1, u'high': 1, u'all-time': 1, u'new': 1, u'top': 1, u'history': 1}",May-20-2017,charles bovaird
159,bitcoin is just $100 away from doubling its price in 2017,"{u'double': 0, u'price': 1, u'away': 1, u'bitcoin': 1}",May-19-2017,pete rizzo
160,cryptocurrency market cap tops $60 billion to hit all-time high,"{u'billion': 1, u'high': 1, u'hit': 1, u'top': 0, u'cap': 1, u'cryptocurrency': 1, u'all-time': 1, u'market': 1}",May-18-2017,charles bovaird
161,bitcoin exchange spreads are narrowing but gaps remain,"{u'exchange': 1, u'bitcoin': 1, u'gap': 0, u'remain': 1, u'spread': 0, u'narrow': 0}",May-17-2017,charles bovaird
162,"bitcoin's price edges back above $1,800 after near $100 gain","{u'price': 1, u'bitcoin': 1, u'back': 1, u'near': 1, u'edge': 0, u'gain': 1}",May-17-2017,pete rizzo
163,"healthy correction? bitcoin prices retreat to $1,700","{u'healthy': 1, u'correction': 1, u'price': 0, u'retreat': 1, u'bitcoin': 1}",May-15-2017,charles bovaird
164,"$1,700? bitcoin's price is up even as its tech progress stalls","{u'even': 1, u'price': 1, u'bitcoin': 1, u'stall': 0, u'tech': 1, u'progress': 1}",May-15-2017,alyssa hertig
165,traditional iras are coming to the world of bitcoin,"{u'traditional': 1, u'ira': 0, u'come': 0, u'bitcoin': 1, u'world': 1}",May-14-2017,drew pierson
166,back to reality? bitcoin's price drops $100 amid meteoric month,"{u'meteoric': 1, u'amid': 1, u'price': 1, u'drop': 0, u'bitcoin': 1, u'month': 1, u'back': 1, u'reality': 1}",May-12-2017,pete rizzo
167,"bitcoin's price slides after surpassing $1,800","{u'slide': 0, u'price': 1, u'surpass': 0, u'bitcoin': 1}",May-12-2017,stan higgins
